{
  "mean": 642.6448676723545,
  "scale": 0.4952498736155367
}