{
  "mean": 1408.208099285061,
  "scale": 8.885426717970434
}