{
  "mean": 642.6455744862677,
  "scale": 0.4947898112789449
}