{
  "mean": 642.6447328758757,
  "scale": 0.49459054062293445
}