{
  "mean": 642.6446158930461,
  "scale": 0.4950444785010511
}