{
  "mean": 642.6446135237934,
  "scale": 0.49405511361147525
}