{
  "mean": -0.010298989855777185,
  "scale": 0.8710349898649978
}