{
  "mean": 21.609782385017912,
  "scale": 0.001461054751907194
}