{
  "mean": -0.010842959540807861,
  "scale": 0.8712090484379559
}