{
  "MSE": 1.0971730721828545,
  "RMSE": 1.047460296232203,
  "MAE": 0.8391568785606616,
  "PSNR": 14.607416494886692,
  "SNR_dB": 54.458181362026124,
  "Pearson_r": 0.028195941172769582,
  "length": 5056,
  "shift_used": null,
  "per_window_mse_mean": 1.0971730721828545,
  "per_window_mse_median": 0.7142514560534642
}