{
  "mean": 642.6449138382734,
  "scale": 0.49462310283964145
}