{
  "slope": 1.4108010219048841e-05,
  "intercept": 553.2811694733223
}