{
  "mean": -0.00985446498866237,
  "scale": 0.8709862072727403
}