{
  "mean": 642.6451103127633,
  "scale": 0.4946723087498975
}