{
  "MSE": 1.1008985276338379,
  "RMSE": 1.049237116973012,
  "MAE": 0.8403277002840909,
  "PSNR": 14.592694988141309,
  "SNR_dB": 54.44345985528074,
  "Pearson_r": 0.02982148120052111,
  "length": 5056,
  "shift_used": null,
  "per_window_mse_mean": 1.1008985276338379,
  "per_window_mse_median": 0.7342146516705366
}